index,brand,Model,Price,Rating,processor_brand,processor_tier,num_cores,num_threads,ram_memory,primary_storage_type,primary_storage_capacity,secondary_storage_type,secondary_storage_capacity,gpu_brand,gpu_type,is_touch_screen,display_size,resolution_width,resolution_height,OS,year_of_warranty
224,apple,Apple MacBook Air 15 2023 Laptop (Apple M2/ 8GB/ 512GB SSD/ MacOS),144990,56,apple,m2,8,8,8,SSD,512,No secondary storage,0,apple,apple,False,15.3,2880,1864,mac,1
343,avita,Avita Pura S102 Laptop (Celeron N4020/ 8GB/ 512GB SSD/ Win11 Home),20999,43,intel,celeron,2,2,8,SSD,512,No secondary storage,0,intel,integrated,False,15.6,1920,1080,windows,1
513,lenovo,Lenovo V15 G3 IAP 82TT004VIH Laptop (12th Gen Core i5/ 8GB/ 512GB SSD/ DOS),45490,56,intel,core i5,10,12,8,SSD,512,No secondary storage,0,intel,integrated,False,15.6,1920,1080,dos,1
321,hp,HP 250 G9 95X40PA Laptop (12th Gen Core i7/ 8GB/ 512 GB SSD/ DOS),67288,52,intel,core i7,10,12,8,SSD,512,No secondary storage,0,intel,integrated,False,15.6,1920,1080,dos,1
94,ultimus,Ultimus Pro NU14U3INC43BN-CS Laptop (Celeron N4020/ 4GB/ 128GB SSD/ Win11 Home),11990,41,intel,celeron,2,2,4,SSD,128,No secondary storage,0,intel,integrated,False,14.1,1366,768,windows,1
547,lenovo,Lenovo IdeaPad Slim 5i 82XD0040IN Laptop (13th Gen Core i7/ 16GB/ 512GB SSD/ Win11),86990,62,intel,core i7,10,16,16,SSD,512,No secondary storage,0,intel,integrated,False,14.0,1920,1200,windows,1
291,hp,HP 247 G8 67U77PA Laptop (Athlon P-3045B HD/ 8GB/ 1TB HDD/ Win11),24990,52,amd,other,2,2,8,HDD,1024,No secondary storage,0,amd,integrated,False,14.0,1366,768,windows,1
115,asus,Asus Vivobook 14X K3405ZFB-KM752WS Laptop (12th Gen Core i7 /16GB/ 1TB SSD/Win11/ 4GB Graphic),85990,75,intel,core i7,10,16,16,SSD,1024,No secondary storage,0,nvidia,dedicated,False,14.0,2880,1800,windows,1
65,asus,Asus Vivobook 15 X1502ZA-EJ741WS Laptop (12th Gen Core i7/ 16GB/ 512GB SSD/ Win11),60990,67,intel,core i7,10,16,16,SSD,512,No secondary storage,0,intel,integrated,False,15.6,1920,1080,windows,1
518,lenovo,Lenovo Thinkpad E15 21E6S0W700 Laptop (12th Gen Core i3/ 8GB/ 512GB SSD/ Win11 Home),47490,65,intel,core i3,6,8,8,SSD,512,No secondary storage,0,intel,integrated,False,15.6,1920,1080,windows,1
371,lenovo,Lenovo IdeaPad Gaming 3 15IHU6 82K101R9IN Laptop (11th Gen Core i5/ 8GB/ 512GB SSD/ Win11 Home/ 4GB Graph),55700,69,intel,core i5,4,8,8,SSD,512,No secondary storage,0,nvidia,dedicated,False,15.6,1920,1080,windows,1
457,lenovo,Lenovo Yoga 6 13ABR8 83B2007UIN Laptop (AMD Ryzen 7 7730U/ 16GB/ 1TB SSD/ Win11 Home),86990,71,amd,ryzen 7,8,16,16,SSD,1024,No secondary storage,0,amd,integrated,True,13.3,1920,1200,windows,1
76,primebook,Primebook 4G Android Laptop (MediaTek Kompanio 500/ 4GB/ 64GB eMMC/ Android 11),14990,26,other,other,8,0,4,HDD,64,No secondary storage,0,arm,integrated,False,11.6,1366,768,android,1
102,asus,Asus ROG Strix G16 2023 G614JJ-N3086WS Gaming Laptop (13th Gen Core i5/ 16GB/ 512GB SSD/ Win11/ 6GB Graph),94990,70,intel,core i5,10,16,16,SSD,512,No secondary storage,0,nvidia,dedicated,False,16.0,1920,1200,windows,1
870,hp,HP ProBook 440 G8 5D6U3PA Notebook PC (11th Gen Core i5/ 8GB/ 512GB SSD/ Win11),71000,67,intel,core i5,4,8,8,SSD,512,No secondary storage,0,intel,integrated,False,14.0,1366,768,windows,1
762,lenovo,Lenovo IdeaPad Slim 3 82H803B6IN Laptop (11th Gen Core i7/ 16GB/ 512GB SSD/ Win11),52101,66,intel,core i7,4,8,16,SSD,512,No secondary storage,0,intel,integrated,False,15.6,1920,1080,windows,1
876,asus,Asus Vivobook Go 15 OLED 2023 E1504FA-LK545WS Laptop (Ryzen 5 7520U / 16GB/ 512GB SSD/ Win11 Home),58990,60,amd,ryzen 5,4,8,16,SSD,512,No secondary storage,0,amd,integrated,False,15.6,1920,1080,windows,1
945,lenovo,Lenovo V15 G2 82KDA022IH Laptop (AMD Ryzen 5 5500U/ 8GB/ 512GB SSD/ Win11 Home),35890,56,amd,ryzen 5,6,12,8,SSD,512,No secondary storage,0,amd,integrated,False,15.6,1920,1080,windows,1
82,asus,Asus Vivobook S15 OLED K3502ZA-L501WS Laptop (12th Gen Core i5/ 16GB/ 512GB SSD/ Win11),69689,64,intel,core i5,12,16,16,SSD,512,No secondary storage,0,intel,integrated,False,15.6,1920,1080,windows,1
838,hp,HP 15s-eq1580AU Laptop (AMD Ryzen 3 3250U/ 8GB/ 512GB SSD/ Win11 Home),32990,58,amd,ryzen 3,2,4,8,SSD,512,No secondary storage,0,amd,integrated,False,15.6,1920,1080,windows,1
209,msi,MSI Modern 14 C11M-029IN Laptop (11th Gen Core i5/ 16GB/ 512GB SSD/ Win11 Home),39990,62,intel,core i5,4,8,16,SSD,512,No secondary storage,0,intel,integrated,False,14.0,1920,1080,windows,1
511,lenovo,Lenovo IdeaPad Slim 3 82XQ008UIN Laptop (AMD Ryzen 5 7520U/ 8GB/ 512GB SSD/ Win11 Home),41990,58,amd,ryzen 5,4,8,8,SSD,512,No secondary storage,0,amd,integrated,False,15.6,1920,1080,windows,1
722,msi,MSI Bravo 15 C7VEK-088IN Gaming Laptop (AMD Ryzen 7 7735HS/ 16GB/ 1TB SSD/ Win11 Home/ 6GB Graph),94990,77,amd,ryzen 7,8,16,16,SSD,1024,No secondary storage,0,nvidia,dedicated,False,15.6,1920,1080,windows,1
512,lenovo,Lenovo IdeaPad Slim 3 82XQ0096IN Laptop (AMD Ryzen 5 7520U/ 16GB/ 512GB SSD/ Win11 Home),44990,60,amd,ryzen 5,4,8,16,SSD,512,No secondary storage,0,amd,integrated,False,15.6,1920,1080,windows,1
548,dell,Dell Inspiron 13 5330 Laptop (13th Gen Core i7/ 16GB/ 1TB SSD/ Win11),98990,63,intel,core i7,12,16,16,SSD,1024,No secondary storage,0,intel,integrated,False,13.3,2560,1600,windows,1
802,dell,Dell G15-5530 GN553064GRM002ORB1 Gaming Laptop (13th Gen Core i5/ 8GB/ 512GB SSD/ Win11/ 6GB Graph),81402,69,intel,core i5,10,16,8,SSD,512,No secondary storage,0,nvidia,dedicated,False,15.6,1920,1080,windows,1
886,msi,MSI Summit E13 Flip Evo A11MT-213IN Laptop (11th Gen Core i7/ 16GB/ 512GB SSD/ Win10),81990,65,intel,core i7,4,8,16,SSD,512,No secondary storage,0,intel,integrated,True,13.4,1920,1200,windows,2
530,fujitsu,Fujitsu UH-X 4ZR1L73352 2-in-1 Laptop (13th Gen Core i7/ 16GB/ 1TB SSD/ Win11),109990,76,intel,core i7,12,16,16,SSD,1024,No secondary storage,0,intel,integrated,True,14.0,1920,1200,windows,2
469,lenovo,Lenovo S14 Gen 3 82TW001DIH Laptop (12th Gen Core i5/ 8GB/ 512GB SSD/ Win11),47990,56,intel,core i5,10,12,8,SSD,512,No secondary storage,0,intel,integrated,False,14.0,1920,1080,windows,3
957,lenovo,Lenovo E41-55 82FJ00A0IH Laptop (AMD Ryzen 3 3250U/ 8GB/ 1TB HDD/ DOS),33990,52,amd,ryzen 3,2,4,8,HDD,1024,No secondary storage,0,amd,integrated,False,14.0,1920,1080,dos,1
825,asus,Asus TUF Gaming F15 2023 FX507VV-LP071WS Gaming Laptop (13th Gen Core i9/ 16GB/1TB SSD/ Win11 Home/ 8GB Graph),154990,82,intel,core i9,14,20,16,SSD,1024,No secondary storage,0,nvidia,dedicated,False,15.6,1920,1080,windows,1
740,axl,AXL Vayu Book LAP02 Laptop (Celeron N4020/ 4GB/ 256GB SSD / Win11 Home),17990,38,intel,celeron,2,2,4,SSD,256,No secondary storage,0,intel,integrated,False,15.6,1920,1080,windows,1
615,dell,Dell Alienware X16 R1 2023 Gaming Laptop (13th Gen Core i9/ 32GB/ 1TB SSD/ Win 11/ 12GB Graph),323990,85,intel,core i9,24,32,32,SSD,1024,No secondary storage,0,nvidia,dedicated,False,16.0,3200,1800,windows,1
609,asus,Asus Vivobook 15 X1504ZA-NJ321WS Laptop (12th Gen Core i3/ 8GB/ 512GB SSD/ Win11),39390,57,intel,core i3,6,8,8,SSD,512,No secondary storage,0,intel,integrated,False,15.6,1920,1080,windows,1
685,hp,HP Pavilion Plus 14-eh1022TU Laptop (13th Gen Core i5/ 16GB/ 512GB SSD/ Win 11),78019,69,intel,core i5,12,16,16,SSD,512,No secondary storage,0,intel,integrated,False,14.0,2240,1400,windows,1
701,lenovo,Lenovo IdeaPad 3 15ITL05 81X800N2IN Laptop (11th Gen Core i3/ 8GB/ 512GB SSD/ Win11),35490,59,intel,core i3,2,4,8,SSD,512,No secondary storage,0,intel,integrated,False,15.6,1920,1080,windows,1
394,hp,HP Omen 16-u0022TX Gaming Laptop (13th Gen Core i7/ 16GB/ 512GB SSD/ Win11 Home/ 6GB Graph),168500,78,intel,core i7,16,24,16,SSD,512,No secondary storage,0,nvidia,dedicated,False,16.1,2560,1600,windows,1
951,acer,Acer Aspire 3 A315-24P Laptop (Ryzen 3 7520U/ 8GB/ 256GB SSD/ Win11 Home),27990,52,amd,ryzen 3,4,8,8,SSD,256,No secondary storage,0,amd,integrated,False,15.6,1920,1080,windows,1
628,asus,Asus Vivobook Pro 15 M6500QC-LK542WS Laptop (AMD R5 5600H/ 16GB/ 512GB SSD/ Win11/ 4GB Graph),70000,70,amd,ryzen 5,6,12,16,SSD,512,No secondary storage,0,nvidia,dedicated,False,15.6,1920,1080,windows,1
667,lenovo,Lenovo ThinkPad E14 21JRS00T00 Laptop (AMD Ryzen 5 7530U/ 8GB/ 512GB SSD/ Win11 Home),69345,62,amd,ryzen 5,6,12,8,SSD,512,No secondary storage,0,amd,integrated,False,14.0,1920,1200,windows,1
977,msi,MSI Modern 14 C12M-439IN Laptop (12th Gen Core i5/ 16GB/ 512GB SSD/ Win11 Home),47490,59,intel,core i5,10,12,16,SSD,512,No secondary storage,0,intel,integrated,False,14.0,1920,1080,windows,1
24,asus,Asus Vivobook 15 X1502ZA-EJ385WS Laptop (12th Gen Core i3/ 8GB/ 512GB SSD/ Win11),39990,57,intel,core i3,10,12,8,SSD,512,No secondary storage,0,intel,integrated,False,15.6,1920,1080,windows,1
32,samsung,Samsung Galaxy Book2 NP550XED-KA1IN 15 Laptop (12th Gen Core i5/ 8GB/ 512GB SSD/ Win11),44990,59,intel,core i5,10,12,8,SSD,512,No secondary storage,0,intel,integrated,False,15.6,1920,1080,windows,1
742,axl,AXL Vayu Book LAP01 Laptop (Celeron N4020/ 4GB/ 128GB SSD / Win11 Home),14990,37,intel,celeron,2,2,4,SSD,128,No secondary storage,0,intel,integrated,False,14.1,1920,1080,windows,1
11,dell,Dell Inspiron 3520 D560896WIN9B Laptop (12th Gen Core i3/ 8GB/ 512GB SSD/ Win11),34990,60,intel,core i3,6,8,8,SSD,512,No secondary storage,0,intel,integrated,False,15.6,1920,1080,windows,1
185,hp,HP Victus 15-fa0187TX Gaming Laptop (12th Gen Core i7/ 16GB/ 1TB SSD/ Win11/ 4GB Graph),92800,76,intel,core i7,10,16,16,SSD,1024,No secondary storage,0,nvidia,dedicated,False,15.6,1920,1080,windows,1
534,dell,Dell Alienware x15 R2 D569947WIN9 Gaming Laptop (12th Gen Core i9/ 32 GB RAM/ 1 TB SSD/ Win 11/ 8 GB Graphics),223275,78,intel,core i9,14,20,32,SSD,1024,No secondary storage,0,nvidia,dedicated,False,15.6,1920,1080,windows,1
655,dell,Dell Inspiron 2023 14 5430 Laptop (13th Gen Core i5/ 16GB/ 1TB SSD/ Win11),73990,63,intel,core i5,10,12,16,SSD,1024,No secondary storage,0,intel,integrated,False,14.0,1920,1200,windows,1
733,dell,Dell XPS 13 Plus 9320 2023 Laptop (13th Gen Core i7/ 32GB/ 1TB SSD/ Win11),201990,82,intel,core i7,12,16,32,SSD,1024,No secondary storage,0,intel,integrated,True,13.4,3840,2400,windows,1
330,acer,Acer TravelMate P2 TMP214-53 14 Business Laptop (11th Gen Core i7/ 16GB/ 512GB SSD/ Win11 Home),49990,64,intel,core i7,4,8,16,SSD,512,No secondary storage,0,intel,integrated,False,14.0,1920,1080,windows,1
150,dell,Dell 5530 G15 Gaming Laptop (13th Gen Core i9/ 16GB/ 1TB SSD/ Win11/ 8GB Graph),148490,78,intel,core i9,24,32,16,SSD,1024,No secondary storage,0,nvidia,dedicated,False,15.6,1920,1080,windows,1
297,hp,HP EliteBook 840 G6 (8LX79PA) Laptop (8th Gen Core i5/ 8GB/ 512GB SSD/ Win10),90464,56,intel,core i5,4,8,8,SSD,512,No secondary storage,0,intel,integrated,False,14.0,1920,1080,windows,3
938,acer,Acer Aspire 3 15 A315-510P Laptop (Intel Core i3 N305/ 8GB/ 512GB SSD/ Win11 Home),32990,50,intel,core i3,8,8,8,SSD,512,No secondary storage,0,intel,integrated,False,15.6,1920,1080,windows,1
497,asus,Asus Vivobook 16X 2023 K3605ZV-MBN741WS Laptop (12th Gen Core i7/ 16GB/ 512GB SSD/ Win11),114990,72,intel,core i7,10,16,16,SSD,512,No secondary storage,0,nvidia,dedicated,False,16.0,1920,1200,windows,1
461,lenovo,Lenovo Legion Slim 7 16IRH8 82Y3007QIN Gaming Laptop (13th Gen Core i9/ 16GB/ 1TB SSD/ Win11 Home/ 8GB Graph),185990,89,intel,core i9,14,20,16,SSD,1024,No secondary storage,0,nvidia,dedicated,False,16.0,3200,2000,windows,1
844,asus,Asus Vivobook 14X 2023 K3405VF-LY541WS Laptop (13th Gen Core i5/ 16GB/ 512GB SSD/ Win11/4 GB Graphics),76619,66,intel,core i5,12,16,16,SSD,512,No secondary storage,0,nvidia,dedicated,False,14.0,1920,1200,windows,1
579,hp,HP Omen 16-wd0770TX Gaming Laptop (13th Gen Core i5/ 16GB/ 512GB SSD/ Win11 Home/ 6GB Graph),101800,72,intel,core i5,8,12,16,SSD,512,No secondary storage,0,nvidia,dedicated,False,16.1,1920,1080,windows,1
374,lenovo,Lenovo Yoga 7 82YL0095IN Laptop (13th Gen Core i5/ 16GB/ 1TB SSD/ Win11 Home),92190,75,intel,core i5,12,16,16,SSD,1024,No secondary storage,0,intel,integrated,True,14.0,2880,1800,windows,1
220,lenovo,Lenovo V15 G3 IAP 82TTA00UIH Laptop (12th Gen Core i3/ 8GB/ 512GB SSD/ DOS),32980,53,intel,core i3,6,8,8,SSD,512,No secondary storage,0,intel,integrated,False,15.6,1920,1080,dos,1
603,acer,Acer Aspire Lite AL15-51 2023 Laptop (AMD Ryzen 5 5500U/ 8GB/ 512GB SSD/ Win11),35990,58,amd,ryzen 5,6,12,8,SSD,512,No secondary storage,0,amd,integrated,False,15.6,1920,1080,windows,1
454,lenovo,Lenovo IdeaPad Slim 3 82H803HPIN Laptop (11th Gen Core i5/ 16GB/ 512GB SSD/ Win11 Home),48990,59,intel,core i5,4,8,16,SSD,512,No secondary storage,0,intel,integrated,False,15.6,1920,1080,windows,1
276,hp,HP 255 G8 6X4B2PA Laptop (AMD Athlon 3050/ 4GB/ 256GB SSD/ DOS),19299,39,amd,other,2,2,4,SSD,256,No secondary storage,0,amd,integrated,False,15.6,1920,1080,dos,1
927,asus,Asus Zenbook 14 Flip OLED 2023 UP3404VA-KN753WS Laptop (13th Gen Core i7/ 16GB/ 1TB SSD/ Win11 Home),129990,74,intel,core i7,12,16,16,SSD,1024,No secondary storage,0,intel,integrated,True,14.0,2880,1800,windows,1
292,samsung,Samsung Galaxy Book2 Pro 15 Laptop (12th Gen Core i7/ 16GB/ 512GB SSD/ Win11),116990,68,intel,core i7,8,16,16,SSD,512,No secondary storage,0,intel,integrated,False,15.6,1080,1920,windows,1
392,hp,HP Omen 16-u0024TX Gaming Laptop (13th Gen Core i9/ 32GB/ 2TB SSD/ Win11 Home/ 8GB Graph),292999,88,intel,core i9,24,32,32,SSD,2048,No secondary storage,0,nvidia,dedicated,False,16.1,2560,1600,windows,1
41,asus,Asus Vivobook 16X 2023 K3605ZF-MB541WS Laptop (12th Gen Core i5/ 16GB/ 512GB SSD/ Win11 Home/ 4GB Graph),63990,72,intel,core i5,8,12,16,SSD,512,No secondary storage,0,nvidia,dedicated,False,16.0,1920,1200,windows,1
882,asus,Asus Zenbook 14 Flip OLED 2023 UP3404VA-KN742WS Laptop (13th Gen Core i7/ 16GB/ 512GB SSD/ Win11 Home),132000,73,intel,core i7,12,16,16,SSD,512,No secondary storage,0,intel,integrated,True,14.0,2880,1800,windows,1
869,realme,Realme Book Prime CloudPro002 Laptop (11th Gen Core i5/ 8GB/ 512GB SSD/ Win11),42990,62,intel,core i5,4,8,8,SSD,512,No secondary storage,0,intel,integrated,False,14.0,2160,1440,windows,1
638,fujitsu,Fujitsu UH-X 4ZR1L12856 Laptop (13th Gen Core i7/ 16GB/ 512GB SSD/ Win11),99990,73,intel,core i7,12,16,16,SSD,512,No secondary storage,0,intel,integrated,False,14.0,1920,1200,windows,2
72,hp,HP Victus 15-fa0666TX Gaming Laptop (12th Gen Core i5/ 16GB/ 512GB SSD/ Win11/ 4GB Graph),71990,65,intel,core i5,8,12,16,SSD,512,No secondary storage,0,nvidia,dedicated,False,15.6,1920,1080,windows,1
493,dell,Dell Inspiron 3530 IN3530RW8JY001ORS1 Laptop (13th Gen Core i5/ 8GB/ 1TB SSD/ Win11 Home),59990,53,intel,core i5,10,12,8,SSD,1024,No secondary storage,0,intel,integrated,False,15.6,1920,1080,windows,1
73,apple,Apple MacBook Air 15 2023 Laptop (Apple M2/ 8GB/ 256GB SSD/ MacOS),119990,53,apple,m2,8,8,8,SSD,256,No secondary storage,0,apple,apple,False,15.3,2880,1864,mac,1
595,msi,MSI Vector GP68HX 13VH-072IN Gaming Laptop (13th Gen Core i9/ 32GB/ 1TB SSD/ Win11/ 12GB Graph),299990,89,intel,core i9,24,32,32,SSD,1024,No secondary storage,0,nvidia,dedicated,False,16.0,2560,1600,windows,2
435,dell,Dell Vostro 3520 Laptop (11th Gen Core i5/ 8GB/ 512GB SSD/ Win11),56340,57,intel,core i5,4,8,8,SSD,512,No secondary storage,0,intel,integrated,False,15.6,1920,1080,windows,1
364,asus,Asus Vivobook 15X OLED M3504YA-LK552WS Laptop (AMD Ryzen 5 7530U/ 16GB/ 1TB SSD/ Win11 Home),64990,65,amd,ryzen 5,6,12,16,SSD,1024,No secondary storage,0,intel,integrated,False,15.6,1920,1080,windows,1
272,hp,HP Victus 16-d0311TX Gaming Laptop (11th Gen Core i5/ 16GB/ 512GB SSD/ Win11/ 4GB Graph),57990,73,intel,core i5,6,12,16,SSD,512,No secondary storage,0,nvidia,dedicated,False,16.1,1920,1080,windows,1
777,asus,Asus Vivobook Go 15 E510MA-EJ011WS Laptop (Intel Celeron N4020/ 8GB/ 256GB SSD/ Win11 Home),27990,45,intel,celeron,2,2,8,SSD,256,No secondary storage,0,intel,integrated,False,15.6,1920,1080,windows,1
792,hp,HP 15s-fq3071TU Laptop (Intel Celeron N4500/ 8GB/ 512GB SSD/ Win11 Home),29490,50,intel,celeron,2,2,8,SSD,512,No secondary storage,0,intel,integrated,False,15.0,1366,768,windows,1
255,lenovo,Lenovo V15 G3 82TTA00VIH Laptop (12th Gen Core i3/ 8GB/ 512GB SSD/Win11),33400,53,intel,core i3,6,8,8,SSD,512,No secondary storage,0,intel,integrated,False,15.6,1920,1080,windows,1
823,lenovo,Lenovo IdeaPad 3 15IAU7 82RK00LWIN Laptop (12th Gen Core i5/ 8GB/ 512GB SSD/ Win11 Home),52794,58,intel,core i5,10,12,8,SSD,512,No secondary storage,0,intel,integrated,False,15.6,1920,1080,windows,1
304,dell,Dell G16 7630 Gaming Laptop (13th Gen Core i9/ 16GB/ 1TB SSD/ Win11/ 8GB Graph),208490,80,intel,core i9,24,32,16,SSD,1024,No secondary storage,0,nvidia,dedicated,False,16.0,2560,1600,windows,1
436,lenovo,Lenovo IdeaPad 1 15AMN7 82VG00EQIN Laptop (AMD Athlon 7120U / 8GB/ 512GB SSD/ Win11 Home),30190,46,amd,other,2,2,8,SSD,512,No secondary storage,0,amd,integrated,False,15.6,1366,768,windows,1
69,asus,Asus TUF Gaming F15 2023 FX507ZV-LP094W Gaming Laptop (12th Gen Core i7/ 16GB/512GB SSD/ Win11 Home/ 8GB Graph),108990,78,intel,core i7,14,20,16,SSD,512,No secondary storage,0,nvidia,dedicated,False,15.6,1920,1080,windows,1
829,acer,Acer Predator Helios 16 PH16-71 Gaming Laptop (13th Gen Core i7/ 16GB/ 512GB SSD/ Win11/ 8GB Graph),143400,70,intel,core i7,16,24,16,SSD,512,No secondary storage,0,nvidia,dedicated,False,16.0,2560,1600,windows,1
195,hp,HP Victus 16-s0089AX Gaming Laptop (AMD Ryzen 7 7840HS/ 16GB/ 1TB SSD/ Win11/ 4GB Graph),87090,76,amd,ryzen 7,8,16,16,SSD,1024,No secondary storage,0,nvidia,dedicated,False,16.1,1920,1080,windows,1
608,dell,Dell Inspiron 5330 Laptop (13th Gen Core i7/ 16GB/ 512GB SSD/ Win11),95990,63,intel,core i7,12,16,16,SSD,512,No secondary storage,0,intel,integrated,False,13.3,2560,1600,windows,1
774,dell,Dell Inspiron 5430 IN54304D6P9M01ORS1 Laptop (13th Gen Core i7/ 16GB/ 512GB SSD/ Win11),88980,56,intel,core i7,10,12,16,SSD,512,No secondary storage,0,intel,integrated,False,14.0,1920,1080,windows,1
535,asus,Asus Vivobook Pro 15 M6500QF-HN541WS Creator Laptop (AMD Ryzen 5 5600H/ 16 GB RAM/ 512 GB SSD/ Win 11/ 4 GB Graphics),59990,63,amd,ryzen 5,6,12,16,SSD,512,No secondary storage,0,nvidia,dedicated,False,15.6,1920,1080,windows,1
375,asus,Asus Vivobook Go 14 E410KA-EK013W Laptop (Celeron N4500/ 8GB/ 256GB SSD/ Win11 Home),27990,45,intel,celeron,2,2,8,SSD,256,No secondary storage,0,intel,integrated,False,14.0,1920,1080,windows,1
550,dell,Dell Inspiron 5330 2023 Laptop (13th Gen Core i5/ 16GB/ 1TB SSD/ Win11),87490,62,intel,core i5,12,16,16,SSD,1024,No secondary storage,0,intel,integrated,False,13.3,2560,1600,windows,1
265,asus,Asus Vivobook 16 2023 M1605YA-MB741WS Laptop (Ryzen 7 7730U/ 16GB/ 512GB SSD/ Win11 Home),70990,65,amd,ryzen 7,8,16,16,SSD,512,No secondary storage,0,amd,integrated,False,16.0,1920,1200,windows,1
818,asus,Asus TUF Gaming A15 FA577NU-LP082W Gaming Laptop (AMD Ryzen 7 7735HS/ 16GB/ 512GB SSD/ Win11/ 6GB Graph),94990,77,amd,ryzen 7,8,16,16,SSD,512,No secondary storage,0,nvidia,dedicated,False,15.6,1920,1080,windows,1
400,lenovo,Lenovo IdeaPad Gaming 3 15IHU6 82K101R3IN Laptop (11th Gen Core i5/ 8GB/ 512GB SSD/ Win11 Home/ 4GB Graph),54190,69,intel,core i5,4,8,8,SSD,512,No secondary storage,0,nvidia,dedicated,False,15.6,1920,1080,windows,1
696,asus,Asus ROG Zephyrus G14 2023 GA402XU-N2045WS Gaming Laptop (AMD Ryzen 9 7940HS/ 16GB/ 1TB SSD/ Win11/ 6GB Graph),139990,83,amd,ryzen 9,8,16,16,SSD,1024,No secondary storage,0,nvidia,dedicated,False,14.0,2560,1600,windows,1
988,asus,Asus ROG Strix SCAR 16 2023 G634JZ-N4062WS Gaming Laptop (13th Gen Core i9/ 32GB/ 1TB SSD/ Win11 Home/ 12GB Graph),279990,83,intel,core i9,24,32,32,SSD,1024,No secondary storage,0,nvidia,dedicated,False,16.0,2560,1600,windows,1
557,lenovo,Lenovo Yoga 6 82WV0058IN Laptop (13th Gen Core i5/ 16GB/ 512GB SSD/ Win11 Home),77990,60,intel,core i5,12,16,16,SSD,512,No secondary storage,0,intel,integrated,False,14.0,1920,1200,windows,1
92,hp,HP Victus 15-fb1002AX Gaming Laptop (AMD Ryzen 5 7535HS/ 8GB/ 512GB SSD/ Win11/ 4GB Graph),51990,70,amd,ryzen 5,6,12,8,SSD,512,No secondary storage,0,nvidia,dedicated,False,15.6,1920,1080,windows,1
656,hp,HP Omen 16-wd0990TX Gaming Laptop (13th Gen Core i5/ 16GB/ 512GB SSD/ Win11 Home/ 6GB Graph),97999,73,intel,core i5,8,12,16,SSD,512,No secondary storage,0,nvidia,dedicated,False,16.1,2560,1440,windows,1
169,zebronics,Zebronics ZEB-NBC 5S 2023 Laptop (12th Gen Core i7 / 16GB/ 1TB SSD/ Win11 Home),52990,72,intel,core i7,10,12,16,SSD,1024,No secondary storage,0,intel,integrated,False,15.6,1920,1080,windows,1
560,msi,MSI Thin GF63 12VF-663IN Gaming Laptop (12th Gen Core i7/ 16GB/ 512GB SSD/ Win11/ 8GB Graph),104990,77,intel,core i7,10,16,16,SSD,512,No secondary storage,0,nvidia,dedicated,False,15.6,1920,1080,windows,2
842,asus,Asus Vivobook 16X 2023 K3605VC-MB951WS Laptop (13th Gen Core i9/ 16GB/ 1TB SSD/ Win11 Home/ 4GB Graph),111439,76,intel,core i9,14,20,16,SSD,1024,No secondary storage,0,nvidia,dedicated,False,16.0,1920,1200,windows,1
362,lenovo,Lenovo IdeaPad Flex 5 82R9008FIN Laptop (AMD Ryzen 5 5500U/ 16GB/ 512GB SSD/ Win11 Home),61990,69,amd,ryzen 5,6,12,16,SSD,512,No secondary storage,0,amd,integrated,True,14.0,1920,1200,windows,1
709,lenovo,Lenovo ThinkPad E14 Gen 4 21E3S06D00 Laptop (12th Gen Core i3/ 8GB/ 512GB SSD/ Win11),49999,62,intel,core i3,6,8,8,SSD,512,No secondary storage,0,intel,integrated,False,14.0,1920,1080,windows,1
597,hp,HP Omen 16-wf0111TX Gaming Laptop (13th Gen Core i7/ 16GB/ 1TB SSD/ Win11 Home/ 8GB Graph),146990,77,intel,core i7,16,24,16,SSD,1024,No secondary storage,0,nvidia,dedicated,False,16.1,1920,1080,windows,1
768,dell,Dell 2023 G16-7630 Gaming Laptop (13th Gen Core i7/ 32GB/ 1TB SSD/ Win11/ 8GB Graph),166490,82,intel,core i7,14,20,32,SSD,1024,No secondary storage,0,nvidia,dedicated,False,16.0,2560,1600,windows,1
258,msi,MSI Modern 14 C7M-062IN Laptop (Ryzen 5 7530U/ 16GB/ 512GB SSD/ Win11),43990,62,amd,ryzen 5,6,12,16,SSD,512,No secondary storage,0,amd,integrated,False,14.0,1920,1080,windows,1
952,lenovo,Lenovo IdeaPad 3 15ITL6 82H803DNIN Laptop (11th Gen Core i3/ 8GB/ 512GB SSD/ Win11 Home),36490,60,intel,core i3,2,4,8,SSD,512,No secondary storage,0,intel,integrated,False,15.6,1920,1080,windows,1
331,acer,Acer Aspire Lite AL15-52 Laptop (12th Gen Core i5/ 16GB/ 512GB SSD/ Win11),44999,64,intel,core i5,10,12,16,SSD,512,No secondary storage,0,intel,integrated,False,15.6,1920,1080,windows,1
445,msi,MSI Creator Pro M16 B13VJ-1272IN Gaming Laptop (13th Gen Core i7/ 32GB/ 1TB SSD/ Win 11/ 8GB Graph),196580,83,intel,core i7,14,20,32,SSD,1024,No secondary storage,0,nvidia,dedicated,False,16.0,1920,1200,windows,2
490,lenovo,Lenovo IdeaPad Slim 5i 83BG000DIN Laptop (12th Gen Core i5/ 16 GB RAM/ 512 GB SSD/ Win 11),61859,58,intel,core i5,8,12,16,SSD,512,No secondary storage,0,intel,integrated,False,16.0,1920,1200,windows,1
630,lg,LG Gram 14 2023 14Z90R-G.CH54A2 Laptop (13th Gen Core i5/ 16GB/ 512GB SSD/ Win11),98999,67,intel,core i5,12,16,16,SSD,512,No secondary storage,0,intel,integrated,False,14.0,1200,1920,windows,1
144,hp,HP Spectre x360 16-aa0665TU Laptop (Intel Core Ultra 7/ 32GB/ 2TB SSD/ Win11 Home),202340,82,intel,core ultra 7,16,22,32,SSD,2048,No secondary storage,0,intel,dedicated,True,16.0,2880,1800,windows,1
943,lenovo,Lenovo V14 82KAA04QIH Laptop (11th Gen Core i5/ 8GB/ 512GB SSD/ DOS),45990,58,intel,core i5,4,8,8,SSD,512,No secondary storage,0,intel,integrated,False,14.0,1366,768,dos,1
509,fujitsu,Fujitsu UH-X 4ZR1M37246 Laptop (13th Gen Core i5/ 16GB/ 512GB SSD/ Win11),73990,65,intel,core i5,10,12,16,SSD,512,No secondary storage,0,intel,integrated,False,14.0,1920,1200,windows,2
998,asus,Asus Vivobook Pro 15 M6500QC-HN542WS Laptop (Ryzen 5 5600H/ 16GB/ 512GB SSD/ Win11/ 4GB Graph),65990,68,amd,ryzen 5,6,12,16,SSD,512,No secondary storage,0,nvidia,dedicated,False,15.6,1920,1080,windows,1
537,wings,Wings Nuvobook S2 Laptop (11th Gen Core i3/ 8GB/ 512GB SSD/ Win11),26990,51,intel,core i3,4,8,8,SSD,512,No secondary storage,0,intel,integrated,False,15.6,1080,1920,windows,1
61,infinix,Infinix INBook X3 Slim XL422 2023 Laptop (12th Gen Core i3/ 8GB/ 512GB SSD/ Win 11 Home),27990,50,intel,core i3,6,8,8,SSD,512,No secondary storage,0,intel,integrated,False,14.0,1920,1080,windows,1
875,dell,Dell Vostro 3420 Laptop (11th Gen Core i5/ 16GB/ 512GB SSD/ Win11),51990,63,intel,core i5,4,8,16,SSD,512,No secondary storage,0,intel,integrated,False,14.0,1920,1080,windows,1
905,msi,MSI Stealth 16 Studio A13VF-023IN Gaming Laptop (13th Gen Core i7/ 32GB/ 1TB SSD/ Win11 Home/ 8GB Graph),219990,84,intel,core i7,14,20,32,SSD,1024,No secondary storage,0,nvidia,dedicated,False,15.6,2560,1600,windows,2
451,lenovo,Lenovo IdeaPad 3 82H802L3IN Laptop (11th Gen Core i3/ 8GB/ 512GB SSD/ Win11 Home),36650,58,intel,core i3,2,4,8,SSD,512,No secondary storage,0,intel,integrated,False,15.6,1920,1080,windows,1
128,hp,HP 15-fc0025AU Laptop (AMD Ryzen 3 7320U/ 8GB/ 512GB SSD/ Win11 Home),32490,54,amd,ryzen 3,4,8,8,SSD,512,No secondary storage,0,amd,integrated,False,15.6,1920,1080,windows,1
26,acer,Acer Nitro V ANV15-51 2023 Gaming Laptop (13th Gen Core i5/ 16GB/ 512GB SSD/ Win11/ 6GB Graph),77990,63,intel,core i5,8,12,16,SSD,512,No secondary storage,0,nvidia,dedicated,False,15.6,1920,1080,windows,1
78,acer,Acer Aspire 5 A515-57G UN.K9TSI.002 Gaming Laptop (12th Gen Core i5/ 16GB/ 512GB SSD/ Win11 Home/ 4GB Graph),56990,71,intel,core i5,12,16,16,SSD,512,No secondary storage,0,nvidia,dedicated,False,15.6,1920,1080,windows,1
862,acer,Acer 16 Predator Neo NH.QLTSI.001 Laptop (13th Gen Core i5/ 16GB/ 512GB SSD/ Win11/ 6GB Graph),104999,65,intel,core i5,14,20,16,SSD,512,No secondary storage,0,nvidia,dedicated,False,16.0,2560,1600,windows,1
47,hp,HP Victus 15-fa0555TX  Laptop (12th Gen Core i5/ 16GB/ 512GB SSD/ Win11 Home/ 4GB Graph),70810,71,intel,core i5,8,12,16,SSD,512,No secondary storage,0,nvidia,dedicated,False,15.6,1920,1080,windows,1
684,lenovo,Lenovo Thinkbook 15 21DJ00EXIH Laptop (12th Gen Core i5/ 8GB/ 512GB SSD/ Win11 Home),53990,66,intel,core i5,10,12,8,SSD,512,No secondary storage,0,intel,integrated,False,15.6,1920,1080,windows,1
746,lenovo,Lenovo S14 82TW0019IH Laptop (12th Gen Core i5/ 8GB/ 512GB SSD/ Win11 Home),46990,57,intel,core i5,10,12,8,SSD,512,No secondary storage,0,intel,integrated,False,14.0,1920,1080,windows,1
633,lenovo,Lenovo IdeaPad Flex 5 82XX007KIN Laptop (AMD Ryzen 5 7530U/ 16GB/ 512GB SSD/ Win11 Home),65990,69,amd,ryzen 5,6,12,16,SSD,512,No secondary storage,0,amd,integrated,True,14.0,1920,1200,windows,1
946,asus,Asus Vivobook Pro 15 OLED M3500QC-L1712WS Laptop (Ryzen 7 5800H/ 16GB/ 1TB SSD/ Win11/ 4GB Graph),79500,67,amd,ryzen 7,8,16,16,SSD,1024,No secondary storage,0,nvidia,dedicated,False,15.6,1920,1080,windows,1
941,acer,Acer Predator Helios 16 Laptop (13th Gen Core i9/ 32GB/ 1TB SSD/ Win11/ 12GB Graph),249990,77,intel,core i9,24,32,32,SSD,1024,No secondary storage,0,nvidia,dedicated,False,16.0,2560,1600,windows,1
878,acer,Acer Aspire 5 A515-56G Laptop (11th Gen Core i5/ 8GB/ 512GB SSD/ Win11 Home/ 2GB Graph),44994,64,intel,core i5,4,8,8,SSD,512,No secondary storage,0,nvidia,dedicated,False,15.6,1920,1080,windows,1
271,hp,HP Victus 15-fb0777AX Gaming Laptop (AMD Ryzen 5 5600H/ 8GB/ 512GB SSD/ Win11/ 4GB Graph),51990,67,amd,ryzen 5,6,12,8,SSD,512,No secondary storage,0,amd,dedicated,False,15.6,1920,1080,windows,1
814,asus,Asus TUF Gaming F15 2023 FX507VU-LP091WS Gaming Laptop (13th Gen Core i7/ 16GB/ 1TB SSD/ Win11 Home/ 6GB Graph),133890,75,intel,core i7,14,20,16,SSD,1024,No secondary storage,0,nvidia,dedicated,False,15.6,1920,1080,windows,1
232,acer,Acer Aspire 7 A715-76G NH.QMFSI.004 Gaming Laptop (12th Gen Core i5/ 16GB/ 512GB SSD/ Win11 Home/ 4GB Graph),60990,70,intel,core i5,8,12,16,SSD,512,No secondary storage,0,nvidia,dedicated,False,15.6,1920,1080,windows,1
354,acer,Acer Aspire 5 A514-56M NX.KH6SI.001 Gaming Laptop (13th Gen Core i5/ 16GB/ 512GB SSD/ Win11 Home),56990,56,intel,core i5,10,12,16,SSD,512,No secondary storage,0,intel,integrated,False,14.0,1920,1200,windows,1
650,acer,Acer Nitro 5 AN515-58 UN.QFHSI.026 Gaming Laptop (12th Gen Core i5/ 16GB/ 512GB SSD/ Win11/ 4GB Graph),71990,70,intel,core i5,8,12,16,SSD,512,No secondary storage,0,nvidia,dedicated,False,15.6,1920,1080,windows,1
311,lenovo,Lenovo IdeaPad Slim 1 82R400BGIN Laptop (AMD Ryzen 5 5500U/ 8GB/ 512GB SSD/ Win11 Home),36490,50,amd,ryzen 5,6,12,8,SSD,512,No secondary storage,0,amd,integrated,False,15.6,1920,1080,windows,1
921,asus,Asus Vivobook 15 2023 X1502VA-NJ541WS Laptop (13th Gen Core i5/ 16GB/ 512GB SSD/ Win11),64990,62,intel,core i5,12,16,16,SSD,512,No secondary storage,0,intel,integrated,False,15.6,1920,1080,windows,1
910,msi,MSI GF63 Thin 11UC-1297IN Gaming Laptop (11th Gen Core i5/ 8GB/ 1TB 256GB SSD/ Win11 Home/ 4GB Graph),69990,70,intel,core i5,6,12,8,HDD,1024,SSD,256,nvidia,dedicated,False,15.6,1920,1080,windows,No information
944,lenovo,Lenovo ThinkBook 15 G3 21A4A08WIH Laptop (AMD Ryzen 3 5300U/ 8 GB/ 512 GB SSD/ Win11 Home),33490,56,amd,ryzen 3,4,8,8,SSD,512,No secondary storage,0,amd,integrated,False,15.6,1920,1080,windows,1
277,dell,Dell Inspiron 5420 Laptop (12th Gen Core i5/ 16GB/ 512GB SSD/ Win11),69999,62,intel,core i5,12,16,16,SSD,512,No secondary storage,0,intel,integrated,False,14.0,1920,1080,windows,1
301,chuwi,Chuwi CoreBook X Laptop (10th Gen Core i5/ 16GB/ 512GB SSD/ Win11),34990,54,intel,core i5,4,8,16,SSD,512,No secondary storage,0,intel,integrated,False,14.0,2160,1440,windows,1
66,lenovo,Lenovo Ideapad Gaming 3 82SB00NXIN Laptop (AMD Ryzen 5 7535HS/ 16GB/ 512GB SSD/ Win11 Home/ 4GB Graph),56990,69,amd,ryzen 5,6,12,16,SSD,512,No secondary storage,0,nvidia,dedicated,False,15.6,1920,1080,windows,1
989,msi,MSI Modern 14 C13M-436IN Laptop (13th Gen Core i5/ 16GB/ 512GB SSD/ Win11 Home),53990,58,intel,core i5,10,12,16,SSD,512,No secondary storage,0,intel,integrated,False,14.0,1920,1080,windows,1
444,dell,Dell Vostro 3525 Laptop (AMD Ryzen 5-5500U/ 8GB/ 512GB SSD/ Win11),38990,56,amd,ryzen 5,6,12,8,SSD,512,No secondary storage,0,amd,integrated,False,15.6,1920,1080,windows,1
917,asus,Asus Zenbook 14 Flip OLED 2023 UP3404VA-KN542WS Laptop (13th Gen Core i5/ 16GB/ 512GB SSD/ Win11 Home),104990,71,intel,core i5,12,16,16,SSD,512,No secondary storage,0,intel,integrated,True,14.0,2880,1800,windows,1
678,dell,Dell Vostro 15 3510 Laptop (11th Gen Core i3/ 8GB/ 1TB 256GB SSD/ Win11 Home),39290,60,intel,core i3,2,4,8,HDD,1024,SSD,256,intel,integrated,False,15.6,1920,1080,windows,No information
600,asus,Asus Vivobook Go 15 E510MA-EJ001W Laptop (Celeron N4020/ 4GB/ 256GB SSD/ Win11 Home),25990,45,intel,celeron,2,2,4,SSD,256,No secondary storage,0,intel,integrated,False,15.6,1920,1080,windows,1
179,asus,Asus Zenbook Flip 14 OLED UP5401ZA-KU541WS Laptop (12th Gen Core i5/ 16GB/ 512GB SSD/ Win11 Home),84990,69,intel,core i5,12,16,16,SSD,512,No secondary storage,0,intel,integrated,True,14.0,3840,2400,windows,1
302,avita,Avita Liber Liber E AM14A2INL54F Laptop (AMD Ryzen 5 5500U/ 8GB/ 256GB SSD/ Win11 Home),32949,50,amd,ryzen 5,6,12,8,SSD,512,No secondary storage,0,amd,integrated,False,14.0,1920,1080,windows,1
896,hp,HP Omen 16-n0123AX Gaming Laptop (AMD Ryzen 7 6800H/ 16GB/ 1TB SSD/ Win11/ 8GB Graph),119990,77,amd,ryzen 7,8,16,16,SSD,1024,No secondary storage,0,nvidia,dedicated,False,16.1,2560,1440,windows,1
229,hp,HP Victus 15-fb0131AX Gaming Laptop (AMD Ryzen 5 5600H/ 8GB/ 512GB SSD/ Win11/ 4GB Graph),49990,65,amd,ryzen 5,6,12,8,SSD,512,No secondary storage,0,amd,dedicated,False,15.6,1920,1080,windows,1
221,msi,MSI Modern 14 C12M-444IN Laptop (12th Gen Core i3/ 16GB/ 512GB SSD/ Win11 Home),36990,62,intel,core i3,6,8,16,SSD,512,No secondary storage,0,intel,integrated,False,14.0,1920,1080,windows,1
333,avita,Avita Pura S101 Laptop (Celeron N4020/ 8GB/256GB SSD/ Win11 Home),19421,41,intel,celeron,2,2,8,SSD,256,No secondary storage,0,intel,integrated,False,14.0,1920,1080,windows,1
210,hp,HP 15s-ey2001AU Laptop (AMD Ryzen 7 5700U/ 16GB/ 512GB SSD/ Win11 Home),55990,63,amd,ryzen 7,8,16,16,SSD,512,No secondary storage,0,amd,integrated,False,15.6,1920,1080,windows,1
118,asus,Asus Vivobook 14X K3405ZFB-KM541WS Laptop (12th Gen Core i5 /16GB/512GB SSD/Win11),67990,72,intel,core i5,8,12,16,SSD,512,No secondary storage,0,nvidia,dedicated,False,14.0,2880,1800,windows,1
928,asus,Asus Vivobook S14 Flip 2022 TN3402QA-LZ520WS Laptop (AMD Ryzen 5-5600H/ 8GB/ 512GB SSD/Win11),58990,62,amd,ryzen 5,6,12,8,SSD,512,No secondary storage,0,amd,integrated,True,14.0,1920,1200,windows,1
533,lenovo,Lenovo IdeaPad Gaming 3i 82K101GTIN Laptop (11th Gen Core i5/ 8 GB RAM/ 512 GB SSD/ Win 11/ 4 GB Graphics),58850,64,intel,core i5,4,8,8,SSD,512,No secondary storage,0,nvidia,dedicated,False,15.6,1920,1080,windows,1
340,lenovo,Lenovo LOQ 15APH8 82XT004KIN Gaming Laptop (AMD Ryzen 7 7840HS/ 16GB/ 512GB SSD/ Win11/ 8GB Graph),107911,75,amd,ryzen 7,8,16,16,SSD,512,No secondary storage,0,nvidia,dedicated,False,15.6,1920,1080,windows,1
242,hp,HP 15-fd0013TU Laptop (13th Gen Core i5/ 16GB/ 512GB SSD/ Win11 Home),61990,57,intel,core i5,10,12,16,SSD,512,No secondary storage,0,intel,integrated,False,15.6,1920,1080,windows,1
808,asus,Asus Vivobook 15X 2023 K3504VAB-NJ321WS Laptop (13th Gen Core i3/ 8GB/ 512GB SSD/ Win11 Home),39990,54,intel,core i3,6,8,8,SSD,512,No secondary storage,0,intel,integrated,False,15.6,1920,1080,windows,1
322,dell,Dell Inspiron 3520 IN3520RVTGV001ORB1 Laptop (11th Gen Core i3/ 8GB/ 512GB SSD/ Win11),34990,49,intel,core i3,2,4,8,SSD,512,No secondary storage,0,intel,integrated,False,15.6,1920,1080,windows,1
873,asus,Asus Vivobook 15 2023 X1504VA-NJ321WS Laptop (13th Gen Core i3/ 8GB/ 512GB SSD/ Win11),46288,56,intel,core i3,6,8,8,SSD,512,No secondary storage,0,intel,integrated,False,15.6,1920,1080,windows,1
704,hp,HP 14-em0026AU Laptop (AMD Ryzen 5 7520U/ 8GB/ 512GB SSD/ Win11 Home),44990,58,amd,ryzen 5,4,8,8,SSD,512,No secondary storage,0,amd,integrated,False,14.0,1920,1080,windows,1
800,dell,Dell G15-5530 Gaming Laptop (13th Gen Core i7/ 16GB/ 512GB SSD/ Win11/ RTX 4050 6GB Graph),109990,73,intel,core i7,14,16,16,SSD,512,No secondary storage,0,nvidia,dedicated,False,15.6,1920,1080,windows,1
406,lenovo,Lenovo IdeaPad 1 15ALC7 82R400BSIN Laptop (AMD Ryzen 5 5500U / 8GB/ 512GB SSD/ Win11 Home),39990,56,amd,ryzen 5,6,12,8,SSD,512,No secondary storage,0,amd,integrated,False,15.6,1920,1080,windows,1
463,lenovo,Lenovo Legion Slim 5 16APH8 82Y90042IN Gaming Laptop (AMD Ryzen 7 7840HS/ 16GB/ 512GB SSD/ Win11/ 8GB Graph),128990,83,amd,ryzen 7,8,16,16,SSD,512,No secondary storage,0,nvidia,dedicated,False,16.0,2560,1600,windows,1
145,lenovo,Lenovo V15 G4 82YU00W9IN Laptop (Ryzen 5 7520U/ 8GB/ 512GB SSD/ Win11 Home),35990,60,amd,ryzen 5,4,8,8,SSD,512,No secondary storage,0,amd,integrated,False,15.6,1920,1080,windows,1
356,dell,Dell Inspiron 7430 IC7430MH5K0M01ORS1 Laptop (13th Gen Core i5/ 8GB/ 512GB SSD/ Win11),88990,64,intel,core i5,10,12,8,SSD,512,No secondary storage,0,intel,integrated,True,14.0,1920,1200,windows,1
432,lenovo,Lenovo IdeaPad Gaming 3 82SB00V4IN Laptop (AMD Ryzen 5 6600H/ 8GB/ 512GB SSD/ Win11 Home/ 4GB Graph),63712,60,amd,ryzen 5,6,12,8,SSD,512,No secondary storage,0,nvidia,dedicated,False,15.6,1920,1080,windows,1
727,msi,MSI Bravo 15 C7VEK-089IN Gaming Laptop (AMD Ryzen 5 7535HS/ 16GB/ 512GB SSD/ Win11 Home/ 6GB Graph),84990,75,amd,ryzen 5,6,12,16,SSD,512,No secondary storage,0,nvidia,dedicated,False,15.6,1920,1080,windows,1
880,msi,MSI Thin GF63 12VF-268IN Laptop (12th Gen Core i5/ 16GB/ 1TB 256GB SSD/ Win11/ 8GB Graph),96990,77,intel,core i5,8,12,16,HDD,1024,SSD,256,nvidia,dedicated,False,15.6,1920,1080,windows,No information
771,hp,HP 14s-dr3003TU 832T7PA Laptop (Pentium Silver N6000/ 8GB/ 512GB SSD/ Win11 Home),28206,50,intel,pentium,4,4,8,SSD,512,No secondary storage,0,intel,integrated,False,14.0,1366,768,windows,1
563,msi,MSI Katana 17 B12VFK-668IN Gaming Laptop (12th Gen Core i7/ 8GB/ 1TB SSD/ Win11 Home/ 8GB Graph),114990,77,intel,core i7,10,16,8,SSD,1024,No secondary storage,0,nvidia,dedicated,False,17.3,1920,1080,windows,2
556,dell,Dell Vostro 3430 VN3430RHXFG001ORB1 Laptop (13th Gen Core i5/ 8GB/ 512GB SSD/ Win11 Pro),60490,63,intel,core i5,10,12,8,SSD,512,No secondary storage,0,intel,integrated,False,14.0,1920,1080,windows,1
525,hp,HP Omen 16-xf0043AX Gaming Laptop (AMD Ryzen 9 7940HS/ 32GB/ 1TB SSD/ Win11/ 8GB Graph),182990,78,amd,ryzen 9,8,16,32,SSD,1024,No secondary storage,0,nvidia,dedicated,False,16.1,2560,1440,windows,1
865,hp,HP 15-fd0006TU Laptop (13th Gen Core i3/ 8GB/ 512GB SSD/ Win11 Home),46990,51,intel,core i3,6,8,8,SSD,512,No secondary storage,0,intel,integrated,False,15.6,1920,1080,windows,1
779,asus,Asus Vivobook 15 X515EA-EJ542WS Laptop (11th Gen Core i5/ 16GB/ 512GB SSD/ Win11),49490,58,intel,core i5,4,8,16,SSD,512,No secondary storage,0,intel,integrated,False,15.6,1920,1080,windows,1
815,asus,Asus TUF Gaming A15 2023 FA577XV-HQ036WS Gaming Laptop (AMD Ryzen 9 7940HS/ 16GB/ 1TB SSD/ Win11 Home/ 8GB Graph),154990,83,amd,ryzen 9,8,16,16,SSD,1024,No secondary storage,0,nvidia,dedicated,False,15.6,2560,1440,windows,1
84,ultimus,Ultimus Lite NU14U3INC54BN Laptop (Celeron N4020/ 8GB/ 256GB SSD/ Win11 Home),15990,46,intel,celeron,2,2,8,SSD,256,No secondary storage,0,intel,integrated,False,14.1,1366,768,windows,1
31,msi,MSI GF63 Thin 11UC-1294IN Gaming Laptop (11th Gen Core i7/ 16GB/ 1TB 256GB SSD/ Win11/ 4GB Graph),66780,76,intel,core i7,8,16,16,HDD,1024,SSD,256,nvidia,dedicated,False,15.6,1920,1080,windows,No information
902,acer,Acer Nitro 5 AN515-47 2023 Gaming Laptop (AMD Ryzen 5 7535HS/ 16GB/ 512GB SSD/ Win11/ 4GB Graph),68990,73,amd,ryzen 5,6,12,16,SSD,512,No secondary storage,0,nvidia,dedicated,False,15.6,1920,1080,windows,1
911,asus,Asus Vivobook 15X 2023 K3504VAB-NJ541WS Laptop (13th Gen Core i5/ 16GB/ 512GB SSD/ Win11 Home),62500,56,intel,core i5,10,12,16,SSD,512,No secondary storage,0,intel,integrated,False,15.6,1920,1080,windows,1
479,asus,Asus Vivobook 15 X1504ZA-NJ542WS Laptop (12th Gen Core i5/ 16GB/ 512GB SSD/ Win11),60379,60,intel,core i5,10,12,16,SSD,512,No secondary storage,0,intel,integrated,False,15.6,1920,1080,windows,1
743,dell,Dell Inspiron 3525 D560927WIN9S Laptop (AMD Ryzen 5-5500U/ 8GB/ 512GB SSD/ Win11),40890,54,amd,ryzen 5,6,12,8,SSD,512,No secondary storage,0,amd,integrated,False,15.6,1920,1080,windows,1
176,acer,Acer Swift Go NXKPZSI002 Laptop (13th Gen Core i5/ 16GB/ 512GB SSD/ Win11 Home),72990,64,intel,core i5,12,16,16,SSD,512,No secondary storage,0,intel,integrated,False,14.0,2880,1800,windows,1
569,hp,HP Victus  15-fa1060TX  Gaming Laptop (13th Gen Core i5/ 16GB/ 512GB SSD/ Win11 Home/ 6GB Graph),99999,71,intel,core i5,12,16,16,SSD,512,No secondary storage,0,nvidia,dedicated,False,15.6,1920,1080,windows,1
494,acer,Acer Aspire 7 A715-76G UN.QMYSI.002 Gaming Laptop (12th Gen Core i5/ 16GB/ 512GB SSD/ Win11 Home/ 4GB Graph),56990,72,intel,core i5,8,12,16,SSD,512,No secondary storage,0,nvidia,dedicated,False,15.6,1920,1080,windows,1
460,ultimus,Ultimus Neo NU14U3INT54BN Laptop (10th Gen Core i3/ 8GB/ 256GB SSD/Win11 Home),22913,52,intel,core i3,2,4,8,SSD,256,No secondary storage,0,intel,integrated,False,14.1,1920,1080,windows,1
71,hp,HP Victus 15-fa0998TX Gaming Laptop (12th Gen Core i5/ 16GB/ 512GB SSD/ Win11/ 4GB Graph),69999,72,intel,core i5,8,12,16,SSD,512,No secondary storage,0,nvidia,dedicated,False,15.6,1920,1080,windows,1
152,apple,Apple MacBook Pro 16 2023 Laptop (Apple M3 Pro/ 36GB/ 512GB SSD/ macOS),289900,63,apple,m3,12,12,36,SSD,512,No secondary storage,0,apple,apple,False,16.2,3456,2234,mac,1
642,hp,HP ZBook Firefly 16 G9 2023 Workstation Laptop (12th Gen Core i5/ 16GB/ 512GB SSD/ Win11/ 4GB Graphics),120449,67,intel,core i5,10,12,16,SSD,512,No secondary storage,0,nvidia,dedicated,False,16.0,1920,1200,windows,1
758,lenovo,Lenovo V15 G3 Laptop (12th Gen Core i5/ 8GB/ 512GB SSD/Win11),46900,56,intel,core i5,10,12,8,SSD,512,No secondary storage,0,intel,integrated,False,15.6,1920,1080,windows,1
462,dell,Dell Inspiron 7430 2023 Laptop (13th Gen Core i7/ 16GB/ 1TB SSD/ Win11),99480,62,intel,core i7,10,12,16,SSD,1024,No secondary storage,0,intel,integrated,True,14.0,1920,1200,windows,1
717,msi,MSI Bravo 15 C7UCXK-094IN Gaming Laptop (AMD Ryzen 5 7535HS/ 16 GB RAM/ 512 GB SSD/ Win 11/ 4 GB Graphics),57990,67,amd,ryzen 5,6,12,16,SSD,512,No secondary storage,0,nvidia,dedicated,False,15.6,1920,1080,windows,2
317,hp,HP 15s-EQ2084AU Laptop (AMD Ryzen 7 5700U/ 16GB/ 512GB SSD/ Win11 Home),51901,62,amd,ryzen 7,8,16,16,SSD,512,No secondary storage,0,amd,integrated,False,15.6,1920,1080,windows,1
820,asus,Asus ROG Zephyrus G14 2023 GA402NU-N2023WS Gaming Laptop (AMD Ryzen 7 7735HS/ 16GB/ 1TB SSD/ Win11/ 6GB Graph),149990,76,amd,ryzen 7,8,16,16,SSD,1024,No secondary storage,0,nvidia,dedicated,False,14.0,2560,1600,windows,1
248,hp,HP 15-fc0026AU Laptop (AMD Ryzen 3 7320U/ 8GB/ 512GB SSD/ Win11 Home),34990,54,amd,ryzen 3,4,8,8,SSD,512,No secondary storage,0,amd,integrated,False,15.6,1920,1080,windows,1
766,hp,HP 15s-ey1509AU Laptop (AMD Athlon Silver 3050U/ 8GB/ 512GB SSD/ Win11),28750,49,amd,other,2,2,8,SSD,512,No secondary storage,0,amd,integrated,False,15.6,1366,768,windows,1
226,acer,Acer Aspire 3 A315-59 NX.K6TSI.00C Laptop (12th Gen Core i3/ 8GB/ 512GB SSD/ Win11),31990,57,intel,core i3,6,8,8,SSD,512,No secondary storage,0,intel,integrated,False,15.6,1920,1080,windows,1
306,lenovo,Lenovo IdeaPad Slim 3 83ER008DIN Laptop (12th Gen Core i5/ 16GB/ 512GB SSD/ Win11),56990,57,intel,core i5,8,12,16,SSD,512,No secondary storage,0,intel,integrated,False,15.6,1920,1080,windows,1
53,dell,Dell Vostro 3425 Laptop (AMD Ryzen 5 5625U/ 8GB/ 512GB SSD/ Win11 Home),39649,66,amd,ryzen 5,6,12,8,SSD,512,No secondary storage,0,amd,integrated,False,14.0,1920,1080,windows,1
732,dell,Dell XPS 9530 2023 Laptop (13th Gen Core i7/ 32GB/ 1TB SSD/ Win11/ 6GB Graph),279490,88,intel,core i7,14,20,32,SSD,1024,No secondary storage,0,nvidia,dedicated,True,15.6,3456,2160,windows,1
246,acer,Acer Predator Helios Neo 16 PHN16-71 Gaming Laptop (13th Gen Core i7/ 16GB/ 1TB SSD/ Win11/ 6GB Graph),119990,75,intel,core i7,16,24,16,SSD,1024,No secondary storage,0,nvidia,dedicated,False,16.0,1920,1200,windows,1
813,asus,Asus TUF Gaming A15 2023 FA577XU-LP041WS Gaming Laptop (AMD Ryzen 9 7940HS/ 16GB/ 1TB SSD/ Win11 Home/ 6GB Graph),131990,84,amd,ryzen 9,8,16,16,SSD,1024,No secondary storage,0,nvidia,dedicated,False,15.6,1920,1080,windows,1
978,msi,MSI Prestige 13 Evo A13M-063IN Laptop(13th Gen Core i7/ 16 GB/ 1TB SSD/Win11 Home),92990,72,intel,core i7,12,16,16,SSD,1024,No secondary storage,0,intel,integrated,False,13.3,1920,1200,windows,2
907,asus,Asus Vivobook 15X OLED 2023 K3504VA-LK552WS Laptop (13th Gen Core i5/ 16GB/ 1TB SSD/ Win11 Home),70990,63,intel,core i5,12,16,16,SSD,1024,No secondary storage,0,intel,integrated,False,15.6,1920,1080,windows,1
544,dell,Dell Inspiron 3530 2023 Laptop (13th Gen Core i3/ 8GB/ 1TB SSD/ Win11 Home),45870,56,intel,core i3,5,6,8,SSD,1024,No secondary storage,0,intel,integrated,False,15.6,1920,1080,windows,1
346,hp,HP Omen 16-xd0005AX Gaming Laptop (AMD Ryzen 7 7840HS/ 16GB/ 1TB SSD/ Win11/ 6GB Graph),111943,78,amd,ryzen 7,8,16,16,SSD,1024,No secondary storage,0,nvidia,dedicated,False,16.1,1920,1080,windows,1
997,acer,Acer Nitro 5 AN515-47 NH.QL3SI.003 Gaming Laptop (AMD Ryzen 7 7735HS/ 8GB/ 512GB SSD/ Win11 Home/ 4GB Graph),75500,67,amd,ryzen 7,8,16,8,SSD,512,No secondary storage,0,nvidia,dedicated,False,15.6,1920,1080,windows,1
270,asus,Asus VivoBook 15 X1500EA-EJ3379WS Laptop (11th Gen Core i3/ 8GB/ 512GB SSD/ Win11),30890,50,intel,core i3,2,4,8,SSD,512,No secondary storage,0,intel,integrated,False,15.6,1920,1080,windows,1
697,dell,Dell Inspiron 5430 2023 Laptop (13th Gen Core i7/ 16GB/ 512GB SSD/ Win11),87990,56,intel,core i7,10,12,16,SSD,512,No secondary storage,0,intel,integrated,False,14.0,1920,1080,windows,1
35,asus,Asus Vivobook 16X 2022 M1603QA-MB502WS Laptop (Ryzen 5-5600H/ 8GB/ 512GB SSD/ Win11 Home),46990,65,amd,ryzen 5,6,12,8,SSD,512,No secondary storage,0,amd,integrated,False,16.0,1920,1200,windows,1
33,samsung,Samsung Galaxy Book2 NP550XED-KA2IN Laptop (12th Gen Core i5/ 16GB/ 512GB SSD/ Win11),47990,62,intel,core i5,10,12,16,SSD,512,No secondary storage,0,intel,integrated,False,15.6,1920,1080,windows,1
752,asus,Asus VivoBook 15 X515EA-EJ328WS Laptop (11th Gen Core i3/ 8GB/ 512GB SSD/ Win11),35083,53,intel,core i3,2,4,8,SSD,512,No secondary storage,0,intel,integrated,False,15.6,1920,1080,windows,1
203,jio,Jio JioBook NB1112MM BLU 2023 Netbook Laptop (Octa Core/ 4GB/ 64GB eMMC/ JioOS),14701,24,other,other,8,0,4,HDD,64,No secondary storage,0,arm,integrated,False,11.6,1366,768,other,1
335,apple,Apple MacBook Pro 14 2023 Laptop (Apple M3 Pro/ 18GB/ 1TB SSD/ macOS),239900,58,apple,m3,12,12,8,SSD,1024,No secondary storage,0,apple,apple,False,14.2,3024,1964,mac,1
835,msi,MSI Thin GF63 12UCX-269IN Gaming Laptop (12th Gen Core i5/ 16GB/ 1TB 256GB SSD/ Win11 Home/ 4GB Graph),76990,69,intel,core i5,8,12,16,HDD,1024,SSD,256,nvidia,dedicated,False,15.6,1920,1080,windows,No information
981,asus,Asus Vivobook Go 14 2023 E1404FA-NK322WS Laptop (Ryzen 3 7320U / 8GB/ 512GB SSD/ Win11 Home),32190,53,amd,ryzen 3,4,8,8,SSD,512,No secondary storage,0,amd,integrated,False,14.0,1920,1080,windows,1
326,acer,Acer Aspire 3 15 A315-510P UN.KDHSI.019 Laptop (Intel Core i3 N305/ 8GB/ 512GB SSD/ Win11 Home),29990,47,intel,core i3,8,8,8,SSD,512,No secondary storage,0,intel,integrated,False,15.6,1920,1080,windows,1
606,dell,Dell Inspiron 5330 Laptop (13th Gen Core i5/ 16GB/ 512GB SSD/ Win11),84490,60,intel,core i5,12,16,16,SSD,512,No secondary storage,0,intel,integrated,False,13.3,2560,1600,windows,1
310,lenovo,Lenovo ThinkBook 14 21DH00C1IH Laptop (12th Gen Core i5/ 8GB/ 512GB SSD/ DOS),62999,62,intel,core i5,10,12,8,SSD,512,No secondary storage,0,intel,integrated,False,14.0,1920,1080,dos,1
117,infinix,Infinix Zerobook 13 ZL513 2023 Laptop (13th Gen Core i7/ 32GB/ 1TB SSD/ Win 11 Home),57990,63,intel,core i7,14,20,32,SSD,1024,No secondary storage,0,intel,integrated,False,15.6,1920,1080,windows,1
288,samsung,Samsung Galaxy Book2 15 Laptop (12th Gen Core i5/ 8GB/ 512GB SSD/ Win11),54990,59,intel,core i5,10,12,8,SSD,512,No secondary storage,0,intel,integrated,False,15.6,1920,1080,windows,No information
83,iball,iBall Excelance CompBook Laptop (AQC/ 2GB/ 32GB/Win10),9800,41,intel,other,4,0,2,HDD,32,No secondary storage,0,intel,integrated,False,11.6,1366,768,windows,1
90,hp,HP Victus 15-fa1145TX Gaming Laptop (12th Gen Core i5/ 16GB/ 1TB SSD/ Win11 Home/ 4GB Graph),66990,72,intel,core i5,8,12,16,SSD,1024,No secondary storage,0,nvidia,dedicated,False,15.6,1920,1080,windows,1
434,lenovo,Lenovo IdeaPad Slim 3 82RK011DIN Laptop (12th Gen Core i3/ 8GB/ 256GB SSD/ Win11),32990,51,intel,core i3,6,8,8,SSD,256,No secondary storage,0,intel,integrated,False,15.6,1920,1080,windows,1
88,lenovo,Lenovo IdeaPad Slim 3 82X60013IN Laptop (13th Gen Core i3/ 8GB/ 512GB SSD/ Win11),44990,51,intel,core i3,5,6,8,SSD,512,No secondary storage,0,intel,integrated,False,15.6,1920,1080,windows,1
647,lg,LG gram360 16 Laptop (13th Gen Core i7/ 16GB/ 1TB SSD/ Win11),152499,78,intel,core i7,12,16,16,SSD,1024,No secondary storage,0,intel,integrated,True,16.0,1600,2560,windows,1
840,asus,Asus Vivobook S15 OLED 2023 S5504VA-MA741WS Laptop (13th Gen Core i7/ 16GB/ 512GB SSD/ Win11),105990,66,intel,core i7,14,20,16,SSD,512,No secondary storage,0,intel,integrated,False,15.6,2880,1620,windows,1
582,acer,Acer Predator 16 NH.QLUSI.005 Laptop (13th Gen Core i9/ 16GB/ 1TB SSD/ Win11/ 8GB Graph),159990,79,intel,core i9,24,32,16,SSD,1024,No secondary storage,0,nvidia,dedicated,False,16.0,2560,1600,windows,1
919,asus,Asus Zenbook S13 OLED 2023 UX5304VA-NQ542WS Laptop (13th Gen Core i5/ 16GB/ 512GB SSD/ Win11),97990,64,intel,core i5,10,12,16,SSD,512,No secondary storage,0,intel,integrated,False,13.3,2880,1800,windows,1
319,lenovo,Lenovo Ideapad Slim 5 82XD006GIN Laptop (13th Gen Core i5/ 16 GB RAM/ 1TB SSD/ Win 11),73990,57,intel,core i5,8,12,16,SSD,1024,No secondary storage,0,intel,integrated,False,14.0,1920,1200,windows,1
677,asus,Asus Vivobook 15 X1502ZA-EJ523WS Laptop (12th Gen Core i5/ 8GB/ 512GB SSD/ Win11),55990,60,intel,core i5,12,16,8,SSD,512,No secondary storage,0,intel,integrated,False,15.6,1920,1080,windows,1
393,hp,HP Omen 17-cm2002TX Gaming Laptop (13th Gen Core i7/ 16 GB RAM/ 512 GB SSD/ Win 11/ 8 GB Graphics),165999,79,intel,core i7,16,24,16,SSD,512,No secondary storage,0,nvidia,dedicated,False,17.3,1920,1080,windows,1
3,hp,HP Victus 15-fb0157AX Gaming Laptop (AMD Ryzen 5 5600H/ 8GB/ 512GB SSD/ Win11/ 4GB Graph),51100,73,amd,ryzen 5,6,12,8,SSD,512,No secondary storage,0,amd,dedicated,False,15.6,1920,1080,windows,1
107,hp,HP 15S-FQ5202TU Laptop (12th Gen Core i5/ 8 GB RAM/ 512 GB SSD/ Win 11),51800,57,intel,core i5,10,12,8,SSD,512,No secondary storage,0,intel,integrated,False,15.6,1920,1080,windows,1
935,lenovo,Lenovo V15 G2 IJL 82QYA00HIN Laptop (Celeron N4500/ 8GB/ 256GB SSD/ DOS),21990,43,intel,celeron,2,2,8,SSD,256,No secondary storage,0,intel,integrated,False,15.6,1920,1080,dos,1
480,hp,HP Pavilion 15-eg3018TU Laptop (13th Gen Core i5/ 16GB/ 1TB SSD/ Win11 Home),75890,59,intel,core i5,10,12,16,SSD,1024,No secondary storage,0,intel,integrated,False,15.6,1920,1080,windows,1
828,hp,HP Victus 15-fa0092TX Gaming Laptop (12th Gen Core i5/ 16GB/ 512GB SSD/ Win11/ 4GB Graph),69990,65,intel,core i5,8,12,16,SSD,512,No secondary storage,0,nvidia,dedicated,False,15.6,1920,1080,windows,1
219,msi,MSI Thin GF63 11UC-1474IN Gaming Laptop (11th Gen Core i5/ 16GB/ 512GB SSD/ Win11 Home/ 4GB Graph),56990,72,intel,core i5,6,12,16,SSD,512,No secondary storage,0,nvidia,dedicated,False,15.6,1920,1080,windows,2
286,apple,Apple MacBook Air 2022 Laptop (Apple M2/ 8GB/ 512GB SSD/ MacOS),132990,45,apple,m2,8,8,8,SSD,512,No secondary storage,0,apple,apple,False,13.6,2560,1664,mac,1
6,apple,Apple MacBook Air 2020 MGND3HN Laptop (Apple M1/ 8GB/ 256GB SSD/ MacOS),70990,45,apple,m1,8,8,8,SSD,256,No secondary storage,0,apple,apple,False,13.3,2560,1600,mac,1
60,hp,HP 15s-eq2132AU Laptop (AMD Ryzen 5 5500U/ 16GB/ 512GB SSD/ Win11 Home),42499,63,amd,ryzen 5,6,12,16,SSD,512,No secondary storage,0,amd,integrated,False,15.6,1920,1080,windows,1
531,hp,HP 15S-EQ1550AU Laptop (AMD Ryzen 3 3250U/ 8 GB RAM/ 512 GB SSD/ Win 11),31990,51,amd,ryzen 3,2,4,8,SSD,512,No secondary storage,0,amd,integrated,False,15.6,1920,1080,windows,1
324,dell,Dell Latitude 7440 14 Laptop (13th Gen Core i5/ 16GB/ 512GB SSD/ Win11 Pro),152000,59,intel,core i5,10,12,16,SSD,512,No secondary storage,0,intel,integrated,True,14.0,1920,1200,windows,No information
904,acer,Acer Nitro 5 AN515-47 Gaming Laptop (AMD Ryzen 7 7735HS/ 16GB/ 512GB SSD/ Win11 Home/ 4GB Graph),77890,72,amd,ryzen 7,8,16,16,SSD,512,No secondary storage,0,nvidia,dedicated,False,15.6,1920,1080,windows,1
592,hp,HP 15s-fr2515TU Laptop (11th Gen Core i3/ 8GB/ 512GB SSD/ Win11),36790,60,intel,core i3,2,4,8,SSD,512,No secondary storage,0,intel,integrated,False,15.6,1920,1080,windows,1
465,hp,HP Victus 15-fb0158AX Gaming Laptop (AMD Ryzen 5 5600H/ 8GB/ 512GB SSD/ Win11/ 4GB Graph),51990,67,amd,ryzen 5,6,12,8,SSD,512,No secondary storage,0,amd,dedicated,False,15.6,1920,1080,windows,1
103,infinix,Infinix INBook X2 Slim Series XL23 2023 Laptop (11th Gen Core i5/ 16GB/ 1TB SSD/ Win 11 Home),35990,60,intel,core i5,4,8,16,SSD,1024,No secondary storage,0,intel,integrated,False,14.0,1920,1080,windows,1
939,acer,Acer Aspire 3 14 A314-36M Laptop (Intel Core i3 N305/ 8GB/ 512GB SSD/ Win11 Home),32090,44,intel,core i3,8,8,8,SSD,512,No secondary storage,0,intel,integrated,False,14.0,1920,1080,windows,1
215,asus,Asus Vivobook 16X 2023 K3605ZF-MBN524WS Laptop (12th Gen Core i5/ 8GB/ 512GB SSD/ Win11 Home/ 4GB Graph),57990,70,intel,core i5,8,12,8,SSD,512,No secondary storage,0,nvidia,dedicated,False,16.0,1920,1200,windows,1
308,hp,HP 250 G9 95X38PA Laptop (12th Gen Core i5/ 8GB/ 512 GB SSD/ DOS),57500,51,intel,core i5,10,12,8,SSD,512,No secondary storage,0,intel,integrated,False,15.6,1920,1080,dos,1
643,asus,Asus ROG Zephyrus G14 GA402NJ-L8094WS Gaming Laptop (AMD Ryzen 7 7735HS/ 16GB/ 512GB SSD/ Win11/ 6GB Graph),129990,71,amd,ryzen 7,8,16,16,SSD,512,No secondary storage,0,nvidia,dedicated,False,14.0,2560,1600,windows,1
962,lenovo,Lenovo ThinkBook 14 20VDA0V1IH Laptop (11th Gen Core i3/ 8GB/ 512GB SSD/ DOS),43500,54,intel,core i3,2,4,8,SSD,512,No secondary storage,0,intel,integrated,False,14.0,1920,1080,dos,1
542,infinix,Infinix INBook X3 Slim Series XL422 Laptop (12th Gen Core i7/ 16GB/ 512GB SSD/ Win 11 Home),44990,57,intel,core i7,10,12,16,SSD,512,No secondary storage,0,intel,integrated,False,14.0,1920,1080,windows,1
358,hp,HP Omen 16-XD0007ax Gaming Laptop (AMD Ryzen 7 7840HS/ 16GB/ 1TB SSD/ Win11/ 6GB Graph),112990,76,amd,ryzen 7,8,16,16,SSD,1024,No secondary storage,0,nvidia,dedicated,False,16.1,1920,1080,windows,1
871,asus,Asus VivoBook 15 X515MA-BR024WS Laptop (Celeron N4020/ 8GB/ 512GB SSD/ Win11 Home),30927,45,intel,celeron,2,2,8,SSD,512,No secondary storage,0,intel,integrated,False,15.6,1366,768,windows,1
735,lenovo,Lenovo Thinkpad E14 G4 21E3S02M00 Laptop (12th Gen Core i7/ 16GB/ 512GB SSD/ Win11 Pro),125000,75,intel,core i7,10,12,16,SSD,512,No secondary storage,0,intel,integrated,False,14.0,1920,1080,windows,1
564,msi,MSI Thin GF63 11UCX-1497IN Gaming Laptop (11th Gen Core i5/ 8GB/ 512GB SSD/ Win11 Home/ 4GB Graph),55990,69,intel,core i5,6,12,8,SSD,512,No secondary storage,0,nvidia,dedicated,False,15.6,1920,1080,windows,2
730,msi,MSI Modern 14 C12M-670IN Laptop (12th Gen Core i7/ 8GB/ 512GB SSD/ Win11 Home) Price,60990,63,intel,core i7,10,12,8,SSD,512,No secondary storage,0,intel,integrated,False,14.0,1920,1080,windows,1
382,zebronics,Zebronics Pro Series Z ZEB-NBC 4S 2023 Laptop (12th Gen Core i5 / 8GB/ 512GB SSD/ Win11 Home),39990,66,intel,core i5,10,12,8,SSD,512,No secondary storage,0,intel,integrated,False,15.6,1920,1080,windows,1
489,lenovo,Lenovo Ideapad Slim 5 82XF007CIN Laptop (13th Gen Core i5/ 16 GB RAM/ 1 TB SSD/ Win 11),71990,58,intel,core i5,12,16,16,SSD,1024,No secondary storage,0,intel,integrated,False,16.0,1920,1200,windows,1
126,acer,Acer Predator Helios Neo 16 NH.QLTSI.001 Laptop (13th Gen Core i5/ 16GB/ 512GB SSD/ Win11/ 6GB Graph),104990,70,intel,core i5,14,20,16,SSD,512,No secondary storage,0,nvidia,dedicated,False,16.0,1920,1200,windows,1
367,hp,HP Omen 16-k0789TX Gaming Laptop (12th Gen Core i5/ 16GB/ 512GB SSD/ Win11/ 4GB Graph),90999,72,intel,core i5,12,16,16,SSD,512,No secondary storage,0,nvidia,dedicated,False,16.1,1920,1080,windows,1
261,hp,HP ProBook 445 G8 Business Laptop (AMD Ryzen 7 5800U/ 8GB/ 512GB SSD/ Win11),46990,68,amd,ryzen 7,8,16,8,SSD,512,No secondary storage,0,amd,integrated,False,14.0,1920,1080,windows,1
383,zebronics,Zebronics ZEB-NBC 2S 2023 Laptop (11th Gen Core i5 / 8GB/ 512GB SSD/ Win11 Home),32990,60,intel,core i5,4,8,8,SSD,512,No secondary storage,0,intel,integrated,False,15.6,1920,1080,windows,1
10,infinix,Infinix Zerobook 2023 Laptop (13th Gen Core i9/ 32GB/ 1TB SSD/ Win 11 Home),59990,71,intel,core i9,14,20,32,SSD,1024,No secondary storage,0,intel,integrated,False,15.6,1920,1080,windows,1
207,dell,Dell G15-5520 2023 Laptop (12th Gen Core i5/ 16GB/ 1TB SSD/ Win11 Home/ 4GB Graph),77490,73,intel,core i5,12,16,16,SSD,1024,No secondary storage,0,nvidia,dedicated,False,15.6,1920,1080,windows,1
611,msi,MSI Prestige 14 Evo B12M-472IN Laptop (12th Gen Core i5/ 16GB/ 512GB SSD/ Win11 Home),81990,63,intel,core i5,12,16,16,SSD,512,No secondary storage,0,intel,integrated,False,14.0,1920,1080,windows,1
87,hp,HP Pavilion 15-EG2119TU Laptop (12th Gen Core i5/12GB RAM/ 512GB SSD/ Win11),60990,54,intel,core i5,12,16,12,SSD,512,No secondary storage,0,intel,integrated,False,15.6,1920,1080,windows,1
377,acer,Acer Chromebook CB314-3H NX.K04SI.008 Laptop (Intel Celeron N4500/ 8GB/ 64GB SSD/ Chrome OS),23990,38,intel,celeron,2,2,8,SSD,64,No secondary storage,0,intel,integrated,False,14.0,1080,1920,chrome,1
719,dell,Dell Latitude 3420 GD723YX17 Laptop (11th Gen Core i5/ 8GB/ 512GB SSD/ Ubuntu),47990,60,intel,core i5,4,8,8,SSD,512,No secondary storage,0,intel,integrated,False,14.0,1366,768,ubuntu,1
994,asus,Asus Zenbook 14 OLED 2023 UM3402YA-KM551WS Laptop (Ryzen 5 7530U / 16GB/ 1TB SSD/ Win11 Home),77990,68,amd,ryzen 5,6,12,16,SSD,1024,No secondary storage,0,amd,integrated,False,14.0,2880,1800,windows,1
250,asus,Asus Vivobook S15 OLED 2023 S5504VA-MA543WS Laptop (13th Gen Core i5/ 16GB/ 512GB SSD/ Win11),78990,65,intel,core i5,12,16,16,SSD,512,No secondary storage,0,intel,integrated,False,15.6,2880,1620,windows,1
782,hp,HP Pavilion 15s-fq5190TU Laptop (12th Gen Core i7/ 16GB/ 512GB SSD/ Win11 Home),68489,65,intel,core i7,10,12,16,SSD,512,No secondary storage,0,intel,integrated,False,15.6,1920,1080,windows,1
222,asus,Asus Vivobook Pro 15 M6500QF-HN521WS Laptop (Ryzen 5 5600HS/ 8GB/ 512GB SSD/ Win11/ 4GB Graph),59990,60,amd,ryzen 5,6,12,8,SSD,512,No secondary storage,0,nvidia,dedicated,False,15.6,1920,1080,windows,1
723,acer,Acer One 14 Z8-415 2023 Laptop (11th Gen Core i5 / 16GB/ 512GB SSD/ Win11 Home),40990,60,intel,core i5,4,8,16,SSD,512,No secondary storage,0,intel,integrated,False,14.0,1920,1080,windows,1
640,acer,Acer Aspire Lite AL15-51 2023 Laptop (11th Gen Core i5/ 16GB/ 512GB SSD/ Win11),41990,64,intel,core i5,4,8,16,SSD,512,No secondary storage,0,intel,integrated,False,15.6,1920,1080,windows,1
645,hp,HP ZBook Studio G9 16 WUXGA Workstation Laptop (12th Gen Core i7/ 16GB/ 1TB SSD/ Win11/ 6GB Graph),230060,80,intel,core i7,14,20,16,SSD,1024,No secondary storage,0,nvidia,dedicated,False,16.0,1920,1200,windows,1
238,asus,Asus Vivobook 15 X1502ZA-EJ532WS Laptop (12th Gen Core i5/ 8GB/ 512GB SSD/ Win11),47830,64,intel,core i5,10,12,8,SSD,512,No secondary storage,0,intel,integrated,False,15.6,1920,1080,windows,1
859,dell,Dell Alienware M18 R1 Gaming Laptop (13th Gen Core i9/ 32GB/ 1TB SSD/ Win 11/ 12GB Graph),368490,83,intel,core i9,14,20,32,SSD,1024,No secondary storage,0,nvidia,dedicated,False,18.0,3200,1800,windows,1
805,acer,Acer Aspire 5 A515-58M NX.KHGSI.002 Gaming Laptop (13th Gen Core i5/ 16GB/ 512GB SSD/ Win11 Home),56490,52,intel,core i5,10,12,16,SSD,512,No secondary storage,0,intel,integrated,False,15.6,1920,1080,windows,1
801,dell,Dell G15-5530 2023 Gaming Laptop (13th Gen Core i7/ 16GB/ 512GB SSD/ Win11/ RTX 4050 6GB Graph),129990,75,intel,core i7,14,20,16,SSD,512,No secondary storage,0,nvidia,dedicated,False,15.6,1920,1080,windows,1
958,asus,Asus Vivobook Go 15 OLED 2023 E1504FA-LK541WS Laptop (Ryzen 5 7520U / 16GB/ 512GB SSD/ Win11 Home),50785,59,amd,ryzen 5,4,8,16,SSD,512,No secondary storage,0,amd,integrated,False,15.6,1920,1080,windows,1
498,asus,Asus Chromebook CX1400CKA-EK0257 Laptop (Celeron N4500/ 4GB/ 64GB eMMC/ Chrome OS),16990,37,intel,celeron,2,2,4,SSD,64,No secondary storage,0,intel,integrated,False,14.0,1920,1080,chrome,1
363,asus,Asus Vivobook Go 14 E1404FA-NK547WS Laptop (Ryzen 5 7520U/ 8GB/ 512GB SSD/ Win11),47550,58,amd,ryzen 5,4,8,8,SSD,512,No secondary storage,0,amd,integrated,False,14.0,1920,1080,windows,1
468,lenovo,Lenovo IdeaPad Gaming 3 15IAH7 82S9014LIN Laptop (12th Gen Core i5/ 16GB/ 512GB SSD/ Win11 Home/ 4GB Graph),69990,66,intel,core i5,8,12,16,SSD,512,No secondary storage,0,nvidia,dedicated,False,15.6,1920,1080,windows,1
318,dell,Dell Inspiron 7430 14 2 in 1 Laptop (13th Gen Core i3/ 8GB/ 512GB SSD/ Win11),59890,58,intel,core i3,6,8,8,SSD,512,No secondary storage,0,intel,integrated,True,14.0,1920,1200,windows,1
369,lenovo,Lenovo IdeaPad 1 15AMN7 82VG00ERIN Laptop (AMD Ryzen 3 7320U / 8GB/ 512GB SSD/ Win11 Home),32490,56,amd,ryzen 3,4,8,8,SSD,512,No secondary storage,0,amd,integrated,False,15.6,1920,1080,windows,1
8,asus,Asus TUF Gaming F15 FX506HF-HN024W Gaming Laptop (11th Gen Core i5/ 8GB/ 512GB SSD/ Win11/ 4GB Graph),49990,70,intel,core i5,6,12,8,SSD,512,No secondary storage,0,nvidia,dedicated,False,15.6,1920,1080,windows,1
166,hp,HP Spectre x360 14-eu0556TU Laptop (Intel Core Ultra 7/ 32GB/ 1TB SSD/ Win11 Home),165900,76,intel,core ultra 7,16,22,32,SSD,1024,No secondary storage,0,intel,dedicated,True,14.0,2880,1800,windows,1
594,asus,Asus Vivobook 15 X1502ZA-EJ545WS Laptop (12th Gen Core i5/ 16GB/ 512GB SSD/ Win11),59990,64,intel,core i5,10,12,16,SSD,512,No secondary storage,0,intel,integrated,False,15.6,1920,1080,windows,1
440,lenovo,Lenovo V14 G4 Laptop (AMD Ryzen 3 7320U / 8GB/ 512GB SSD/ Win11 Home),29990,51,amd,ryzen 3,4,8,8,SSD,512,No secondary storage,0,amd,integrated,False,14.0,1920,1080,windows,1
707,dell,Dell Vostro 5620 Laptop (12th Gen Core i3/ 8GB/ 512GB SSD/ Win11),40990,58,intel,core i3,6,8,8,SSD,512,No secondary storage,0,intel,integrated,False,16.0,1920,1080,windows,1
992,asus,Asus Vivobook Flip 14 2023 TN3402YAB-LZ522WS Laptop (Ryzen 5 7530U/ 8GB/ 512GB SSD/ Win11 Home),54990,68,amd,ryzen 5,6,12,8,SSD,512,No secondary storage,0,amd,integrated,True,14.0,1920,1200,windows,1
914,asus,Asus Vivobook S15 OLED 2023 K5504VA-LK542WS Laptop (13th Gen Core i5/ 16GB/ 512GB SSD/ Win11 Home),85990,60,intel,core i5,12,16,16,SSD,512,No secondary storage,0,intel,integrated,False,15.6,1920,1080,windows,1
646,lenovo,Lenovo IdeaPad 1 82V6005CIN Laptop (Celeron N4020/ 4GB/ 256GB SSD/ Win11 Home),24190,38,intel,celeron,2,2,4,SSD,256,No secondary storage,0,intel,integrated,False,11.6,1366,768,windows,1
